variant,N,block,threads,run,time_sec,verified
OMM,2048,0,1,1,1.296764851,1
OMM,2048,0,1,2,1.246690035,1
OMM,2048,0,1,3,1.375498056,1
OMM,2048,0,1,4,1.441996098,1
OMM,2048,0,1,5,1.385350943,1
OMM,2048,0,2,1,0.644286871,1
OMM,2048,0,2,2,0.599545956,1
OMM,2048,0,2,3,0.637542963,1
OMM,2048,0,2,4,0.631791115,1
OMM,2048,0,2,5,0.578701019,1
OMM,2048,0,4,1,0.439834833,1
OMM,2048,0,4,2,0.347486019,1
OMM,2048,0,4,3,0.343177795,1
OMM,2048,0,4,4,0.322335005,1
OMM,2048,0,4,5,0.342718124,1
OMM,2048,0,6,1,0.336094141,1
OMM,2048,0,6,2,0.214803934,1
OMM,2048,0,6,3,0.216240883,1
OMM,2048,0,6,4,0.233291149,1
OMM,2048,0,6,5,0.249040127,1
OMM,2048,0,8,1,0.229155064,1
OMM,2048,0,8,2,0.164371967,1
OMM,2048,0,8,3,0.172208071,1
OMM,2048,0,8,4,0.194237947,1
OMM,2048,0,8,5,0.148780107,1
OMM,2048,0,10,1,0.276622057,1
OMM,2048,0,10,2,0.294823885,1
OMM,2048,0,10,3,0.239672184,1
OMM,2048,0,10,4,0.273998976,1
OMM,2048,0,10,5,0.272642851,1
OMM,2048,0,12,1,0.225363970,1
OMM,2048,0,12,2,0.232762098,1
OMM,2048,0,12,3,0.235646963,1
OMM,2048,0,12,4,0.237380981,1
OMM,2048,0,12,5,0.193432093,1
OMM,2048,0,14,1,0.197119951,1
OMM,2048,0,14,2,0.206878185,1
OMM,2048,0,14,3,0.208807945,1
OMM,2048,0,14,4,0.199796915,1
OMM,2048,0,14,5,0.167932987,1
OMM,2048,0,16,1,0.164289951,1
OMM,2048,0,16,2,0.161576033,1
OMM,2048,0,16,3,0.178209066,1
OMM,2048,0,16,4,0.177174091,1
OMM,2048,0,16,5,0.161865950,1
BMM4,2048,4,1,1,21.807043076,1
BMM4,2048,4,1,2,23.478336096,1
BMM4,2048,4,1,3,23.300500870,1
BMM4,2048,4,1,4,23.888819933,1
BMM4,2048,4,1,5,23.811881065,1
BMM4,2048,4,2,1,11.221965790,1
BMM4,2048,4,2,2,11.324526787,1
BMM4,2048,4,2,3,10.936991930,1
BMM4,2048,4,2,4,11.279242992,1
BMM4,2048,4,2,5,11.139293909,1
BMM4,2048,4,4,1,5.535474062,1
BMM4,2048,4,4,2,5.766999960,1
BMM4,2048,4,4,3,5.794921875,1
BMM4,2048,4,4,4,5.883520842,1
BMM4,2048,4,4,5,5.772683859,1
BMM4,2048,4,6,1,3.745956182,1
BMM4,2048,4,6,2,3.797940016,1
BMM4,2048,4,6,3,3.770532131,1
BMM4,2048,4,6,4,3.798759937,1
BMM4,2048,4,6,5,4.144366026,1
BMM4,2048,4,8,1,3.071954966,1
BMM4,2048,4,8,2,2.936259985,1
BMM4,2048,4,8,3,2.991244078,1
BMM4,2048,4,8,4,2.941601992,1
BMM4,2048,4,8,5,2.899173975,1
BMM4,2048,4,10,1,4.181338072,1
BMM4,2048,4,10,2,4.064455032,1
BMM4,2048,4,10,3,4.190159082,1
BMM4,2048,4,10,4,3.691248178,1
BMM4,2048,4,10,5,4.585176945,1
BMM4,2048,4,12,1,3.608957052,1
BMM4,2048,4,12,2,3.721354008,1
BMM4,2048,4,12,3,3.683446884,1
BMM4,2048,4,12,4,3.899066925,1
BMM4,2048,4,12,5,3.687952042,1
BMM4,2048,4,14,1,3.232297182,1
BMM4,2048,4,14,2,3.297434092,1
BMM4,2048,4,14,3,3.324293852,1
BMM4,2048,4,14,4,3.329222918,1
BMM4,2048,4,14,5,3.250014067,1
BMM4,2048,4,16,1,2.818039894,1
BMM4,2048,4,16,2,2.875910997,1
BMM4,2048,4,16,3,3.025953054,1
BMM4,2048,4,16,4,2.838693857,1
BMM4,2048,4,16,5,2.838200092,1
BMM8,2048,8,1,1,14.537517071,1
BMM8,2048,8,1,2,14.345589161,1
BMM8,2048,8,1,3,14.757159948,1
BMM8,2048,8,1,4,14.753001928,1
BMM8,2048,8,1,5,14.966677904,1
BMM8,2048,8,2,1,7.489115953,1
BMM8,2048,8,2,2,7.570093870,1
BMM8,2048,8,2,3,7.623298168,1
BMM8,2048,8,2,4,7.569622040,1
BMM8,2048,8,2,5,7.720695019,1
BMM8,2048,8,4,1,3.880748034,1
BMM8,2048,8,4,2,3.862483978,1
BMM8,2048,8,4,3,3.489480972,1
BMM8,2048,8,4,4,3.522049904,1
BMM8,2048,8,4,5,3.735347033,1
BMM8,2048,8,6,1,2.583033800,1
BMM8,2048,8,6,2,2.727920055,1
BMM8,2048,8,6,3,2.712044001,1
BMM8,2048,8,6,4,2.661942005,1
BMM8,2048,8,6,5,2.668651104,1
BMM8,2048,8,8,1,1.945047140,1
BMM8,2048,8,8,2,1.974344015,1
BMM8,2048,8,8,3,1.866637945,1
BMM8,2048,8,8,4,1.863234043,1
BMM8,2048,8,8,5,1.972018003,1
BMM8,2048,8,10,1,2.766951084,1
BMM8,2048,8,10,2,2.586143970,1
BMM8,2048,8,10,3,2.805406809,1
BMM8,2048,8,10,4,2.788554907,1
BMM8,2048,8,10,5,2.595757008,1
BMM8,2048,8,12,1,2.624835968,1
BMM8,2048,8,12,2,2.418389082,1
BMM8,2048,8,12,3,2.474514008,1
BMM8,2048,8,12,4,2.492117167,1
BMM8,2048,8,12,5,2.276124001,1
BMM8,2048,8,14,1,2.076606035,1
BMM8,2048,8,14,2,2.030534983,1
BMM8,2048,8,14,3,2.198423147,1
BMM8,2048,8,14,4,2.216778040,1
BMM8,2048,8,14,5,2.196569920,1
BMM8,2048,8,16,1,1.884854078,1
BMM8,2048,8,16,2,1.880069971,1
BMM8,2048,8,16,3,1.837414980,1
BMM8,2048,8,16,4,1.968186140,1
BMM8,2048,8,16,5,2.007504940,1
BMM16,2048,16,1,1,5.559579134,1
BMM16,2048,16,1,2,5.498509884,1
BMM16,2048,16,1,3,5.603683949,1
BMM16,2048,16,1,4,5.555072069,1
BMM16,2048,16,1,5,5.673696041,1
BMM16,2048,16,2,1,2.924587011,1
BMM16,2048,16,2,2,2.787698984,1
BMM16,2048,16,2,3,2.656306982,1
BMM16,2048,16,2,4,2.537829161,1
BMM16,2048,16,2,5,2.839405775,1
BMM16,2048,16,4,1,1.515354872,1
BMM16,2048,16,4,2,1.388645172,1
BMM16,2048,16,4,3,1.415848017,1
BMM16,2048,16,4,4,1.347112894,1
BMM16,2048,16,4,5,1.539343834,1
BMM16,2048,16,6,1,0.965030909,1
BMM16,2048,16,6,2,0.963446140,1
BMM16,2048,16,6,3,0.996672869,1
BMM16,2048,16,6,4,1.011163950,1
BMM16,2048,16,6,5,0.994647980,1
BMM16,2048,16,8,1,0.772089005,1
BMM16,2048,16,8,2,0.687180996,1
BMM16,2048,16,8,3,0.722881079,1
BMM16,2048,16,8,4,0.651349068,1
BMM16,2048,16,8,5,0.758657932,1
BMM16,2048,16,10,1,1.125939131,1
BMM16,2048,16,10,2,1.056926012,1
BMM16,2048,16,10,3,1.128071070,1
BMM16,2048,16,10,4,1.105275869,1
BMM16,2048,16,10,5,1.065669060,1
BMM16,2048,16,12,1,0.901948929,1
BMM16,2048,16,12,2,0.919852972,1
BMM16,2048,16,12,3,0.951200008,1
BMM16,2048,16,12,4,0.933059931,1
BMM16,2048,16,12,5,1.033962965,1
BMM16,2048,16,14,1,0.864593029,1
BMM16,2048,16,14,2,0.945793867,1
BMM16,2048,16,14,3,0.817072868,1
BMM16,2048,16,14,4,0.865736961,1
BMM16,2048,16,14,5,0.878922939,1
BMM16,2048,16,16,1,0.781352043,1
BMM16,2048,16,16,2,0.773611069,1
BMM16,2048,16,16,3,0.711195230,1
BMM16,2048,16,16,4,0.787926912,1
BMM16,2048,16,16,5,0.782479048,1
BMM32,2048,32,1,1,3.017262936,1
BMM32,2048,32,1,2,2.754449129,1
BMM32,2048,32,1,3,2.742977858,1
BMM32,2048,32,1,4,2.760615110,1
BMM32,2048,32,1,5,2.678683043,1
BMM32,2048,32,2,1,1.314761162,1
BMM32,2048,32,2,2,1.271641016,1
BMM32,2048,32,2,3,1.296108961,1
BMM32,2048,32,2,4,1.445055962,1
BMM32,2048,32,2,5,1.404954910,1
BMM32,2048,32,4,1,0.712193012,1
BMM32,2048,32,4,2,0.708384037,1
BMM32,2048,32,4,3,0.778541088,1
BMM32,2048,32,4,4,0.762524128,1
BMM32,2048,32,4,5,0.683475971,1
BMM32,2048,32,6,1,0.540334940,1
BMM32,2048,32,6,2,0.520874977,1
BMM32,2048,32,6,3,0.491978884,1
BMM32,2048,32,6,4,0.499210119,1
BMM32,2048,32,6,5,0.465093851,1
BMM32,2048,32,8,1,0.451452017,1
BMM32,2048,32,8,2,0.362936974,1
BMM32,2048,32,8,3,0.373488903,1
BMM32,2048,32,8,4,0.336044788,1
BMM32,2048,32,8,5,0.364176989,1
BMM32,2048,32,10,1,0.573988914,1
BMM32,2048,32,10,2,0.600399971,1
BMM32,2048,32,10,3,0.537038088,1
BMM32,2048,32,10,4,0.552959919,1
BMM32,2048,32,10,5,0.532317877,1
BMM32,2048,32,12,1,0.501647949,1
BMM32,2048,32,12,2,0.466486216,1
BMM32,2048,32,12,3,0.464264154,1
BMM32,2048,32,12,4,0.507668972,1
BMM32,2048,32,12,5,0.443146944,1
BMM32,2048,32,14,1,0.376822948,1
BMM32,2048,32,14,2,0.401281118,1
BMM32,2048,32,14,3,0.435404778,1
BMM32,2048,32,14,4,0.383684874,1
BMM32,2048,32,14,5,0.440500975,1
BMM32,2048,32,16,1,0.370032072,1
BMM32,2048,32,16,2,0.383491039,1
BMM32,2048,32,16,3,0.420624971,1
BMM32,2048,32,16,4,0.313061953,1
BMM32,2048,32,16,5,0.408350945,1
BMM64,2048,64,1,1,1.973563910,1
BMM64,2048,64,1,2,2.042340040,1
BMM64,2048,64,1,3,2.085431099,1
BMM64,2048,64,1,4,2.032658100,1
BMM64,2048,64,1,5,1.939922094,1
BMM64,2048,64,2,1,0.937315941,1
BMM64,2048,64,2,2,0.984493971,1
BMM64,2048,64,2,3,1.019104958,1
BMM64,2048,64,2,4,0.978712082,1
BMM64,2048,64,2,5,1.055971861,1
BMM64,2048,64,4,1,0.523686886,1
BMM64,2048,64,4,2,0.522923946,1
BMM64,2048,64,4,3,0.470321894,1
BMM64,2048,64,4,4,0.479935884,1
BMM64,2048,64,4,5,0.532789946,1
BMM64,2048,64,6,1,0.427711964,1
BMM64,2048,64,6,2,0.333079815,1
BMM64,2048,64,6,3,0.361762047,1
BMM64,2048,64,6,4,0.355402946,1
BMM64,2048,64,6,5,0.312005043,1
BMM64,2048,64,8,1,0.306833982,1
BMM64,2048,64,8,2,0.219639063,1
BMM64,2048,64,8,3,0.224932194,1
BMM64,2048,64,8,4,0.263098955,1
BMM64,2048,64,8,5,0.259513855,1
BMM64,2048,64,10,1,0.389073133,1
BMM64,2048,64,10,2,0.400215864,1
BMM64,2048,64,10,3,0.416994095,1
BMM64,2048,64,10,4,0.414527893,1
BMM64,2048,64,10,5,0.416047812,1
BMM64,2048,64,12,1,0.361479998,1
BMM64,2048,64,12,2,0.378347874,1
BMM64,2048,64,12,3,0.360589981,1
BMM64,2048,64,12,4,0.359044075,1
BMM64,2048,64,12,5,0.348124981,1
BMM64,2048,64,14,1,0.330384970,1
BMM64,2048,64,14,2,0.265627146,1
BMM64,2048,64,14,3,0.297734976,1
BMM64,2048,64,14,4,0.319339037,1
BMM64,2048,64,14,5,0.313063860,1
BMM64,2048,64,16,1,0.314608812,1
BMM64,2048,64,16,2,0.284889936,1
BMM64,2048,64,16,3,0.273366928,1
BMM64,2048,64,16,4,0.246026039,1
BMM64,2048,64,16,5,0.278611898,1
OMM,4096,0,1,1,16.428498983,1
OMM,4096,0,1,2,16.482868910,1
OMM,4096,0,1,3,17.696732044,1
OMM,4096,0,1,4,16.784837008,1
OMM,4096,0,1,5,16.452975035,1
OMM,4096,0,2,1,8.892543077,1
OMM,4096,0,2,2,9.005221844,1
OMM,4096,0,2,3,8.684418917,1
OMM,4096,0,2,4,8.673818827,1
OMM,4096,0,2,5,9.189872980,1
OMM,4096,0,4,1,5.042510033,1
OMM,4096,0,4,2,5.099256039,1
OMM,4096,0,4,3,5.384140015,1
OMM,4096,0,4,4,5.364482164,1
OMM,4096,0,4,5,5.509120941,1
OMM,4096,0,6,1,3.404922009,1
OMM,4096,0,6,2,3.679083109,1
OMM,4096,0,6,3,3.470333099,1
OMM,4096,0,6,4,3.689946175,1
OMM,4096,0,6,5,3.147189856,1
OMM,4096,0,8,1,2.793348074,1
OMM,4096,0,8,2,2.672924042,1
OMM,4096,0,8,3,2.509459019,1
OMM,4096,0,8,4,2.577052116,1
OMM,4096,0,8,5,2.624539137,1
OMM,4096,0,10,1,3.576097012,1
OMM,4096,0,10,2,3.722949982,1
OMM,4096,0,10,3,3.304035187,1
OMM,4096,0,10,4,3.206488848,1
OMM,4096,0,10,5,3.376982927,1
OMM,4096,0,12,1,2.953486204,1
OMM,4096,0,12,2,3.289024115,1
OMM,4096,0,12,3,2.852224112,1
OMM,4096,0,12,4,3.159651995,1
OMM,4096,0,12,5,2.618221998,1
OMM,4096,0,14,1,2.275153875,1
OMM,4096,0,14,2,2.243862867,1
OMM,4096,0,14,3,2.212506056,1
OMM,4096,0,14,4,2.341367006,1
OMM,4096,0,14,5,2.389320135,1
OMM,4096,0,16,1,1.995766163,1
OMM,4096,0,16,2,1.994218111,1
OMM,4096,0,16,3,2.264986038,1
OMM,4096,0,16,4,2.305491924,1
OMM,4096,0,16,5,1.965178013,1
BMM4,4096,4,1,1,488.855443954,1
BMM4,4096,4,1,2,551.918977022,1
BMM4,4096,4,1,3,559.938528061,1
BMM4,4096,4,1,4,556.089877844,1
BMM4,4096,4,1,5,536.164433002,1
BMM4,4096,4,2,1,278.380228996,1
BMM4,4096,4,2,2,272.338063955,1
BMM4,4096,4,2,3,266.280538082,1
BMM4,4096,4,2,4,261.142582893,1
BMM4,4096,4,2,5,272.263206959,1
BMM4,4096,4,4,1,140.560550928,1
BMM4,4096,4,4,2,120.092351913,1
BMM4,4096,4,4,3,113.458861113,1
BMM4,4096,4,4,4,129.013797045,1
BMM4,4096,4,4,5,105.268887997,1
BMM4,4096,4,6,1,68.917959929,1
BMM4,4096,4,6,2,67.173887968,1
BMM4,4096,4,6,3,62.481812000,1
BMM4,4096,4,6,4,63.128278017,1
BMM4,4096,4,6,5,66.607036829,1
BMM4,4096,4,8,1,46.075055122,1
BMM4,4096,4,8,2,45.990258932,1
BMM4,4096,4,8,3,45.969326973,1
BMM4,4096,4,8,4,47.141901016,1
BMM4,4096,4,8,5,43.804293156,1
BMM4,4096,4,10,1,35.462908983,1
BMM4,4096,4,10,2,34.339163065,1
BMM4,4096,4,10,3,33.871977806,1
BMM4,4096,4,10,4,34.678442001,1
BMM4,4096,4,10,5,31.076708078,1
BMM4,4096,4,12,1,37.484722137,1
BMM4,4096,4,12,2,37.597595930,1
BMM4,4096,4,12,3,36.723248005,1
BMM4,4096,4,12,4,35.851196051,1
BMM4,4096,4,12,5,35.900434017,1
BMM4,4096,4,14,1,29.679423094,1
BMM4,4096,4,14,2,31.736519098,1
BMM4,4096,4,14,3,31.523015022,1
BMM4,4096,4,14,4,32.135179996,1
BMM4,4096,4,14,5,30.974614859,1
BMM4,4096,4,16,1,26.255135059,1
BMM4,4096,4,16,2,25.744560957,1
BMM4,4096,4,16,3,26.591850042,1
BMM4,4096,4,16,4,25.871025085,1
BMM4,4096,4,16,5,26.170780182,1
BMM8,4096,8,1,1,109.641741037,1
BMM8,4096,8,1,2,109.992296934,1
BMM8,4096,8,1,3,110.722630024,1
BMM8,4096,8,1,4,109.618360996,1
BMM8,4096,8,1,5,109.481120110,1
BMM8,4096,8,2,1,55.130327940,1
BMM8,4096,8,2,2,55.394996166,1
BMM8,4096,8,2,3,55.484250069,1
BMM8,4096,8,2,4,56.646560907,1
BMM8,4096,8,2,5,55.790360928,1
BMM8,4096,8,4,1,28.510487080,1
BMM8,4096,8,4,2,28.675122976,1
BMM8,4096,8,4,3,28.753913879,1
BMM8,4096,8,4,4,28.762933016,1
BMM8,4096,8,4,5,28.510125875,1
BMM8,4096,8,6,1,19.285650015,1
BMM8,4096,8,6,2,19.338446140,1
BMM8,4096,8,6,3,18.909284115,1
BMM8,4096,8,6,4,18.887676954,1
BMM8,4096,8,6,5,19.138981819,1
BMM8,4096,8,8,1,14.311014891,1
BMM8,4096,8,8,2,14.106523037,1
BMM8,4096,8,8,3,14.390034914,1
BMM8,4096,8,8,4,14.253331900,1
BMM8,4096,8,8,5,14.164932013,1
BMM8,4096,8,10,1,14.609209061,1
BMM8,4096,8,10,2,14.360157967,1
BMM8,4096,8,10,3,14.355570078,1
BMM8,4096,8,10,4,14.361838102,1
BMM8,4096,8,10,5,14.350070000,1
BMM8,4096,8,12,1,12.413059950,1
BMM8,4096,8,12,2,12.372529984,1
BMM8,4096,8,12,3,12.809966087,1
BMM8,4096,8,12,4,12.306624174,1
BMM8,4096,8,12,5,12.671046972,1
BMM8,4096,8,14,1,10.752188921,1
BMM8,4096,8,14,2,11.047450066,1
BMM8,4096,8,14,3,12.053969145,1
BMM8,4096,8,14,4,11.519753933,1
BMM8,4096,8,14,5,11.617238998,1
BMM8,4096,8,16,1,11.106755018,1
BMM8,4096,8,16,2,10.318281889,1
BMM8,4096,8,16,3,10.807746887,1
BMM8,4096,8,16,4,10.603795052,1
BMM8,4096,8,16,5,10.590083838,1
BMM16,4096,16,1,1,37.844646931,1
BMM16,4096,16,1,2,37.869442225,1
BMM16,4096,16,1,3,38.001533985,1
BMM16,4096,16,1,4,37.687435865,1
BMM16,4096,16,1,5,37.910036087,1
BMM16,4096,16,2,1,18.781533003,1
BMM16,4096,16,2,2,18.838224888,1
BMM16,4096,16,2,3,18.743137121,1
BMM16,4096,16,2,4,18.647001028,1
BMM16,4096,16,2,5,18.741556883,1
BMM16,4096,16,4,1,9.421700001,1
BMM16,4096,16,4,2,9.628823996,1
BMM16,4096,16,4,3,9.495177984,1
BMM16,4096,16,4,4,9.513866901,1
BMM16,4096,16,4,5,9.435197115,1
BMM16,4096,16,6,1,6.335580826,1
BMM16,4096,16,6,2,6.294127941,1
BMM16,4096,16,6,3,6.324416161,1
BMM16,4096,16,6,4,6.411942959,1
BMM16,4096,16,6,5,6.280966997,1
BMM16,4096,16,8,1,4.962304115,1
BMM16,4096,16,8,2,4.744349003,1
BMM16,4096,16,8,3,4.696288109,1
BMM16,4096,16,8,4,4.726463079,1
BMM16,4096,16,8,5,4.725226164,1
BMM16,4096,16,10,1,4.370151043,1
BMM16,4096,16,10,2,4.415283918,1
BMM16,4096,16,10,3,4.645922899,1
BMM16,4096,16,10,4,4.712558031,1
BMM16,4096,16,10,5,4.895342112,1
BMM16,4096,16,12,1,4.105125904,1
BMM16,4096,16,12,2,4.158956766,1
BMM16,4096,16,12,3,4.118906021,1
BMM16,4096,16,12,4,4.100723982,1
BMM16,4096,16,12,5,4.023615122,1
BMM16,4096,16,14,1,3.626277924,1
BMM16,4096,16,14,2,3.482263803,1
BMM16,4096,16,14,3,3.980477810,1
BMM16,4096,16,14,4,3.747629881,1
BMM16,4096,16,14,5,3.668274879,1
BMM16,4096,16,16,1,3.526777983,1
BMM16,4096,16,16,2,3.401741028,1
BMM16,4096,16,16,3,3.446249008,1
BMM16,4096,16,16,4,3.632928848,1
BMM16,4096,16,16,5,3.746609926,1
BMM32,4096,32,1,1,16.192332983,1
BMM32,4096,32,1,2,16.255502939,1
BMM32,4096,32,1,3,16.287472010,1
BMM32,4096,32,1,4,16.276376963,1
BMM32,4096,32,1,5,16.253490210,1
BMM32,4096,32,2,1,8.129015923,1
BMM32,4096,32,2,2,8.066617012,1
BMM32,4096,32,2,3,8.131558895,1
BMM32,4096,32,2,4,8.174063206,1
BMM32,4096,32,2,5,7.978103161,1
BMM32,4096,32,4,1,4.098476887,1
BMM32,4096,32,4,2,4.138860941,1
BMM32,4096,32,4,3,4.153754234,1
BMM32,4096,32,4,4,4.152020216,1
BMM32,4096,32,4,5,4.094760180,1
BMM32,4096,32,6,1,2.766535044,1
BMM32,4096,32,6,2,2.748857975,1
BMM32,4096,32,6,3,2.733864069,1
BMM32,4096,32,6,4,2.740032911,1
BMM32,4096,32,6,5,2.785091877,1
BMM32,4096,32,8,1,2.196131945,1
BMM32,4096,32,8,2,2.058806896,1
BMM32,4096,32,8,3,2.074016094,1
BMM32,4096,32,8,4,2.052690983,1
BMM32,4096,32,8,5,2.066704988,1
BMM32,4096,32,10,1,1.830952883,1
BMM32,4096,32,10,2,2.260927200,1
BMM32,4096,32,10,3,2.117840052,1
BMM32,4096,32,10,4,2.091181993,1
BMM32,4096,32,10,5,2.047978163,1
BMM32,4096,32,12,1,1.816799879,1
BMM32,4096,32,12,2,1.930399895,1
BMM32,4096,32,12,3,2.033945084,1
BMM32,4096,32,12,4,1.960087061,1
BMM32,4096,32,12,5,1.732798100,1
BMM32,4096,32,14,1,1.865370035,1
BMM32,4096,32,14,2,1.664064884,1
BMM32,4096,32,14,3,1.783861876,1
BMM32,4096,32,14,4,1.713101864,1
BMM32,4096,32,14,5,1.897979975,1
BMM32,4096,32,16,1,1.759522915,1
BMM32,4096,32,16,2,1.711189032,1
BMM32,4096,32,16,3,1.716216087,1
BMM32,4096,32,16,4,1.686898947,1
BMM32,4096,32,16,5,1.447074175,1
BMM64,4096,64,1,1,10.719269991,1
BMM64,4096,64,1,2,10.582651854,1
BMM64,4096,64,1,3,10.829309940,1
BMM64,4096,64,1,4,10.666296005,1
BMM64,4096,64,1,5,10.694549084,1
BMM64,4096,64,2,1,5.322036982,1
BMM64,4096,64,2,2,5.304369926,1
BMM64,4096,64,2,3,5.345639944,1
BMM64,4096,64,2,4,5.332338095,1
BMM64,4096,64,2,5,5.313749075,1
BMM64,4096,64,4,1,2.824222088,1
BMM64,4096,64,4,2,2.710973024,1
BMM64,4096,64,4,3,2.655294895,1
BMM64,4096,64,4,4,2.700556993,1
BMM64,4096,64,4,5,2.639595985,1
BMM64,4096,64,6,1,1.911682844,1
BMM64,4096,64,6,2,1.817341805,1
BMM64,4096,64,6,3,1.826327801,1
BMM64,4096,64,6,4,1.844516039,1
BMM64,4096,64,6,5,1.798004866,1
BMM64,4096,64,8,1,1.488903999,1
BMM64,4096,64,8,2,1.349771976,1
BMM64,4096,64,8,3,1.368126154,1
BMM64,4096,64,8,4,1.351898909,1
BMM64,4096,64,8,5,1.361644983,1
BMM64,4096,64,10,1,1.593135834,1
BMM64,4096,64,10,2,1.474021912,1
BMM64,4096,64,10,3,1.544341087,1
BMM64,4096,64,10,4,1.400097132,1
BMM64,4096,64,10,5,1.500844002,1
BMM64,4096,64,12,1,1.410284042,1
BMM64,4096,64,12,2,1.472809076,1
BMM64,4096,64,12,3,1.462435007,1
BMM64,4096,64,12,4,1.496249199,1
BMM64,4096,64,12,5,1.328591108,1
BMM64,4096,64,14,1,1.215028048,1
BMM64,4096,64,14,2,1.348906040,1
BMM64,4096,64,14,3,1.215581894,1
BMM64,4096,64,14,4,1.213429928,1
BMM64,4096,64,14,5,1.246981144,1
BMM64,4096,64,16,1,1.181688786,1
BMM64,4096,64,16,2,1.198514938,1
BMM64,4096,64,16,3,1.275082111,1
BMM64,4096,64,16,4,1.164814949,1
BMM64,4096,64,16,5,1.185682058,1
